{
  "acc,none": 0.37254901960784315,
  "acc_stderr,none": 0.048108401480826374,
  "alias": "college_physics"
}