{
  "acc,none": 0.676595744680851,
  "acc_stderr,none": 0.03057944277361037,
  "alias": "conceptual_physics"
}