{
  "acc,none": 0.40425531914893614,
  "acc_stderr,none": 0.032081157507886864,
  "alias": "conceptual_physics"
}