{
  "acc,none": 0.28431372549019607,
  "acc_stderr,none": 0.04488482852329018,
  "alias": "college_physics"
}