{
  "acc,none": 0.4019607843137255,
  "acc_stderr,none": 0.04878608714466993,
  "alias": "college_physics"
}