{
  "acc,none": 0.6085106382978723,
  "acc_stderr,none": 0.031907012423268065,
  "alias": "conceptual_physics"
}