{
  "acc,none": 0.6468085106382979,
  "acc_stderr,none": 0.031245325202761857,
  "alias": "conceptual_physics"
}