{
  "acc,none": 0.7957446808510639,
  "acc_stderr,none": 0.02635515841334947,
  "alias": "conceptual_physics"
}