{
  "acc,none": 0.46078431372549017,
  "acc_stderr,none": 0.049598599663841836,
  "alias": "college_physics"
}