{
  "acc,none": 0.42127659574468085,
  "acc_stderr,none": 0.03227834510146265,
  "alias": "conceptual_physics"
}