{
  "acc,none": 0.30392156862745096,
  "acc_stderr,none": 0.04576665403207762,
  "alias": "college_physics"
}