{
  "acc,none": 0.4765957446808511,
  "acc_stderr,none": 0.0326501947503358,
  "alias": "conceptual_physics"
}