{
  "acc,none": 0.425531914893617,
  "acc_stderr,none": 0.03232146916224468,
  "alias": "conceptual_physics"
}