{
  "acc,none": 0.5882352941176471,
  "acc_stderr,none": 0.048971049527263624,
  "alias": "college_physics"
}